{
  "sing-box/generate.py": 1776377009.6781242,
  "sing-box/deploy.py": 1776390206.3284464,
  "sing-box/deploy-relay.py": 1776390211.708447,
  "traefik/deploy.py": 1771023851.1657956,
  "lib/__init__.py": 1770642319.2071116,
  "lib/sops.py": 1770642334.1221118,
  "lib/jinja.py": 1770642355.9331117,
  "lib/cloudflare.py": 1771352775.8560321,
  "lib/remote.py": 1775563970.6859984,
  "lib/deploy.py": 1776386195.8430445,
  "element/deploy.py": 1770647634.6661155,
  "synapse/deploy.py": 1770647658.9621155,
  "metrics/deploy.py": 1770647674.1931157,
  "nextcloud/deploy.py": 1771190843.320347,
  "jitsi/deploy.py": 1770658149.2051234,
  "certs/deploy.py": 1771023740.0488064,
  "coturn/deploy.py": 1771167939.910974,
  "wireguard/deploy.py": 1771167890.4339755,
  "backup/deploy.py": 1771185144.1175778,
  "system/deploy.py": 1771188352.9484153,
  "firewall/deploy.py": 1771190012.3353698,
  "router/generate.py": 1776377009.6781242,
  "tests/test_lib.py": 1776386285.6060536,
  "element-call/deploy.py": 1774820149.573643,
  "README.md": 1776391485.718505,
  "tests/README.md": 1776390785.3945045,
  "graphify-out/GRAPH_REPORT.md": 1776713726.4262705,
  "graphify-out/graph.html": 1776713739.736058
}